{
    "sites": [
        {
            "ip": "slave0",
            "user": "root",
            "port": 11001,
            "dbuser": "root",
            "dbpasswd": "123456",
            "rootPath": "/opt/gStore"
        },
        {
            "ip": "slave1",
            "user": "root",
            "port": 11001,
            "dbuser": "root",
            "dbpasswd": "123456",
            "rootPath": "/opt/gStore"
        },
        {
            "ip": "slave2",
            "user": "root",
            "port": 11001,
            "dbuser": "root",
            "dbpasswd": "123456",
            "rootPath": "/opt/gStore"
        },
        {
            "ip": "slave3",
            "user": "root",
            "port": 11001,
            "dbuser": "root",
            "dbpasswd": "123456",
            "rootPath": "/opt/gStore"
        }
    ]
}
